codigo,pieza,categoria,estado,precio
Q-01,Pulsera · Azul que guarda historias,Pulseras,Disponible,500
Q-02,Pulsera · Suavidad que te acompaña,Pulseras,Disponible,550
Q-03,Pulsera · La belleza del matiz,Pulseras,Disponible,720
Q-04,Pulsera · Todos tus colores,Pulseras,Disponible,400
Q-05,Pulsera · Un pequeño universo,Pulseras,Disponible,580
EM-01,Pulsera · Esmeraldas facetadas,Pulseras,Disponible,400
A-01,Anillo · Luz que te centra,Anillos y dijes,Disponible,2850
TI-01,Dije · Topacio Imperial,Anillos y dijes,Disponible,1600
AT-01,Cetro · Ametrino,"Torres, puntas y cetros",Disponible,2500
CT-01,Punta · Citrino natural,"Torres, puntas y cetros",Disponible,1150
AA-01,Punta · Cuarzo Ángel Aura,"Torres, puntas y cetros",Disponible,650
CA-01,Punta · Cuarzo chamán ahumado,"Torres, puntas y cetros",Disponible,1450
CM-01,Mini torre · Cuarzo jardín morado,"Torres, puntas y cetros",Disponible,900
CP-01,Punta · Cuarzo con pirita,"Torres, puntas y cetros",Disponible,1250
RC-02,Torre · Rutilo de cobre,"Torres, puntas y cetros",Disponible,700
CL-01,Cetro · Cetro lemuriano,"Torres, puntas y cetros",Disponible,2650
DH-01,Cristal · Diamante Herkimer Rainbow,Cristales y clusters,Disponible,1800
QA-01,Freeform · Cuarzo ángel arcoíris,Cristales y clusters,Disponible,750
CH-01,Mini cluster · Cuarzo Himalaya rosa,Cristales y clusters,Disponible,500
PW-01,Pieza · Powelita de Brasil,Cristales y clusters,Disponible,2200
C-01,Cluster · Apofilita de diamante,Cristales y clusters,Disponible,2200
LM-01,Cristal · Cuarzo lemuriano aura,Cristales y clusters,Disponible,1200
GQ-01,Geoda · Geoda con druzy aura,Cristales y clusters,Disponible,650
CQ-01,Esfera · Cuarzo rosa aureado,Esferas y corazones,Disponible,850
EF-01,Esfera · Fluorita azul,Esferas y corazones,Disponible,900
EA-01,Esfera · Cuarzo ágata,Esferas y corazones,Disponible,1850
AV-01,Corazones · Corazones de aventurina,Esferas y corazones,Disponible,80/145
AO-01,Rodado · Ágata orca,Rodados,Disponible,120
AV-02,Rodado · Aventurina verde,Rodados,Disponible,60
CF-01,Rodado · Cuarzo flor de cerezo,Rodados,Disponible,100
RC-01,Rodado · Rodocrosita,Rodados,Disponible,140
SO-01,Rodado · Sodalita,Rodados,Disponible,120
CJ-01,Rodado · Cuarzo jardín,Rodados,Disponible,120/200
AM-01,Rodado · Ágata musgo,Rodados,Disponible,45/75
CJ-02,Par de rodados · Cornalina y jaspe rojo,Rodados,Disponible,70/130
OG-01,Rodados · Ojo de gato multicolor,Rodados,Disponible,180
